{"http_reqs":840,"rate":27.52336486294239,"avg_response_time":360.8241694047619}