{"http_reqs":473,"rate":15.428448487461942,"avg_response_time":641.624177167019}