{"options":{"summaryTrendStats":["avg","min","med","max","p(90)","p(95)"],"summaryTimeUnit":"","noColor":false},"state":{"testRunDurationMs":30179.7442,"isStdOutTTY":false,"isStdErrTTY":false},"metrics":{"http_req_failed":{"type":"rate","contains":"default","values":{"rate":0,"passes":0,"fails":1663}},"vus":{"type":"gauge","contains":"default","values":{"value":10,"min":10,"max":10}},"http_req_connecting":{"type":"trend","contains":"time","values":{"med":0,"max":0.3283,"p(90)":0,"p(95)":0,"avg":0.0008619362597714973,"min":0}},"http_req_sending":{"type":"trend","contains":"time","values":{"avg":0.06904912808178003,"min":0.0105,"med":0.0196,"max":11.0189,"p(90)":0.05857999999999999,"p(95)":0.0763299999999999}},"http_req_receiving":{"type":"trend","contains":"time","values":{"min":19.0934,"med":40.2963,"max":165.4062,"p(90)":64.61,"p(95)":74.74416999999998,"avg":44.10950859891765}},"data_received":{"type":"counter","contains":"data","values":{"count":44031251,"rate":1458967.0047634135}},"http_req_tls_handshaking":{"contains":"time","values":{"min":0,"med":0,"max":0,"p(90)":0,"p(95)":0,"avg":0},"type":"trend"},"iteration_duration":{"contains":"time","values":{"min":83.5906,"med":171.7733,"max":818.1286,"p(90)":250.55823999999998,"p(95)":280.65085999999985,"avg":181.0312671076366},"type":"trend"},"iterations":{"type":"counter","contains":"default","values":{"count":1663,"rate":55.103184075364034}},"vus_max":{"values":{"max":10,"value":10,"min":10},"type":"gauge","contains":"default"},"http_req_blocked":{"contains":"time","values":{"med":0.0071,"max":1.9044,"p(90)":0.0098,"p(95)":0.011989999999999987,"avg":0.014585087191821996,"min":0.0038},"type":"trend"},"data_sent":{"type":"counter","contains":"data","values":{"rate":4132.738805652302,"count":124725}},"http_req_duration{expected_response:true}":{"type":"trend","contains":"time","values":{"avg":180.78448334335545,"min":83.3941,"med":171.4023,"max":817.9785,"p(90)":250.39355999999998,"p(95)":279.76430999999997}},"http_req_waiting":{"type":"trend","contains":"time","values":{"avg":136.60592561635593,"min":58.9906,"med":129.053,"max":652.5515,"p(90)":196.1933,"p(95)":215.83025999999992}},"http_reqs":{"values":{"count":1663,"rate":55.103184075364034},"type":"counter","contains":"default"},"http_req_duration":{"type":"trend","contains":"time","values":{"avg":180.78448334335545,"min":83.3941,"med":171.4023,"max":817.9785,"p(90)":250.39355999999998,"p(95)":279.76430999999997}}},"root_group":{"checks":[],"name":"","path":"","id":"d41d8cd98f00b204e9800998ecf8427e","groups":[]}}