{"http_reqs":1663,"rate":55.103184075364034,"avg_response_time":180.78448334335545}