{"http_reqs":2362,"rate":78.36960302561081,"avg_response_time":127.1809419983064}