{"state":{"isStdOutTTY":false,"isStdErrTTY":false,"testRunDurationMs":30139.2365},"metrics":{"iterations":{"type":"counter","contains":"default","values":{"count":2362,"rate":78.36960302561081}},"http_req_duration":{"type":"trend","contains":"time","values":{"avg":127.1809419983064,"min":97.5314,"med":122.87254999999999,"max":313.7321,"p(90)":153.50388999999998,"p(95)":161.75357499999998}},"http_reqs":{"type":"counter","contains":"default","values":{"count":2362,"rate":78.36960302561081}},"http_req_connecting":{"type":"trend","contains":"time","values":{"p(95)":0,"avg":0.002430482641828958,"min":0,"med":0,"max":0.4991,"p(90)":0}},"iteration_duration":{"type":"trend","contains":"time","values":{"p(90)":153.76229,"p(95)":161.95435999999995,"avg":127.34056795088902,"min":97.6493,"med":123.00305,"max":313.886}},"http_req_blocked":{"type":"trend","contains":"time","values":{"min":0.002,"med":0.0056,"max":1.2544,"p(90)":0.0077,"p(95)":0.0094,"avg":0.012195512277730735}},"vus_max":{"type":"gauge","contains":"default","values":{"value":10,"min":10,"max":10}},"data_sent":{"type":"counter","contains":"data","values":{"count":177150,"rate":5877.720226920812}},"data_received":{"type":"counter","contains":"data","values":{"count":62591018,"rate":2076728.7187251742}},"http_req_sending":{"contains":"time","values":{"p(90)":0.04619000000000001,"p(95)":0.05329499999999998,"avg":0.02811397121083827,"min":0.0059,"med":0.0163,"max":6.0062},"type":"trend"},"http_req_tls_handshaking":{"type":"trend","contains":"time","values":{"avg":0,"min":0,"med":0,"max":0,"p(90)":0,"p(95)":0}},"vus":{"type":"gauge","contains":"default","values":{"value":10,"min":10,"max":10}},"http_req_duration{expected_response:true}":{"type":"trend","contains":"time","values":{"avg":127.1809419983064,"min":97.5314,"med":122.87254999999999,"max":313.7321,"p(90)":153.50388999999998,"p(95)":161.75357499999998}},"http_req_receiving":{"type":"trend","contains":"time","values":{"avg":18.22495838272654,"min":11.6074,"med":17.1902,"max":45.4771,"p(90)":22.808870000000006,"p(95)":26.243949999999998}},"http_req_waiting":{"type":"trend","contains":"time","values":{"avg":108.92786964436941,"min":81.0038,"med":104.54605000000001,"max":296.715,"p(90)":132.76366000000002,"p(95)":140.78409999999994}},"http_req_failed":{"type":"rate","contains":"default","values":{"rate":0,"passes":0,"fails":2362}}},"root_group":{"name":"","path":"","id":"d41d8cd98f00b204e9800998ecf8427e","groups":[],"checks":[]},"options":{"summaryTrendStats":["avg","min","med","max","p(90)","p(95)"],"summaryTimeUnit":"","noColor":false}}