{"http_reqs":1390,"rate":43.27051798931628,"avg_response_time":2231.727541079141}