{"http_reqs":897,"rate":25.999752060335425,"avg_response_time":3586.646220958751}