{"http_reqs":589,"rate":16.499055775004823,"avg_response_time":5567.068553989816}