{"options":{"summaryTimeUnit":"","noColor":false,"summaryTrendStats":["avg","min","med","max","p(90)","p(95)"]},"state":{"isStdOutTTY":false,"isStdErrTTY":false,"testRunDurationMs":32123.4888},"metrics":{"http_req_tls_handshaking":{"values":{"avg":0,"min":0,"med":0,"max":0,"p(90)":0,"p(95)":0},"type":"trend","contains":"time"},"iterations":{"type":"counter","contains":"default","values":{"count":1390,"rate":43.27051798931628}},"http_req_duration":{"type":"trend","contains":"time","values":{"p(90)":3138.7553700000017,"p(95)":3699.1409799999983,"avg":2231.727541079141,"min":105.8049,"med":2122.1220000000003,"max":4818.6684}},"data_sent":{"type":"counter","contains":"data","values":{"rate":3245.2888491987214,"count":104250}},"http_req_connecting":{"type":"trend","contains":"time","values":{"avg":0.39811280575539587,"min":0,"med":0,"max":68.9679,"p(90)":0,"p(95)":0.15818999999999947}},"http_req_waiting":{"values":{"med":2069.1673,"max":4157.3707,"p(90)":3010.89573,"p(95)":3552.6176549999996,"avg":2169.721116258995,"min":64.9984},"type":"trend","contains":"time"},"iteration_duration":{"type":"trend","contains":"time","values":{"avg":2235.5127982014355,"min":110.8896,"med":2122.2890500000003,"max":5138.0877,"p(90)":3139.0151800000017,"p(95)":3724.0962699999995}},"vus":{"type":"gauge","contains":"default","values":{"value":12,"min":12,"max":100}},"data_received":{"type":"counter","contains":"data","values":{"count":36803030,"rate":1145673.5048031271}},"vus_max":{"type":"gauge","contains":"default","values":{"value":100,"min":100,"max":100}},"http_reqs":{"type":"counter","contains":"default","values":{"count":1390,"rate":43.27051798931628}},"http_req_failed":{"type":"rate","contains":"default","values":{"passes":0,"fails":1390,"rate":0}},"http_req_blocked":{"type":"trend","contains":"time","values":{"med":0.0075,"max":74.0445,"p(90)":0.01934000000000019,"p(95)":3.5525399999999974,"avg":2.2970530935251894,"min":0.0032}},"http_req_duration{expected_response:true}":{"type":"trend","contains":"time","values":{"avg":2231.727541079141,"min":105.8049,"med":2122.1220000000003,"max":4818.6684,"p(90)":3138.7553700000017,"p(95)":3699.1409799999983}},"http_req_sending":{"contains":"time","values":{"avg":0.23607805755395606,"min":0.0108,"med":0.0208,"max":66.6986,"p(90)":0.07303000000000004,"p(95)":0.23963999999999988},"type":"trend"},"http_req_receiving":{"type":"trend","contains":"time","values":{"avg":61.770346762589966,"min":5.6833,"med":49.77955,"max":1929.0985,"p(90)":99.10766000000002,"p(95)":123.797805}}},"root_group":{"checks":[],"name":"","path":"","id":"d41d8cd98f00b204e9800998ecf8427e","groups":[]}}