{"root_group":{"id":"d41d8cd98f00b204e9800998ecf8427e","groups":[],"checks":[],"name":"","path":""},"options":{"summaryTrendStats":["avg","min","med","max","p(90)","p(95)"],"summaryTimeUnit":"","noColor":false},"state":{"testRunDurationMs":35699.0126,"isStdOutTTY":false,"isStdErrTTY":false},"metrics":{"http_req_sending":{"type":"trend","contains":"time","values":{"avg":0.1522118845500848,"min":0.0104,"med":0.0199,"max":54.0135,"p(90)":0.13644,"p(95)":0.26188}},"vus":{"type":"gauge","contains":"default","values":{"value":15,"min":15,"max":100}},"iterations":{"type":"counter","contains":"default","values":{"rate":16.499055775004823,"count":589}},"http_reqs":{"values":{"count":589,"rate":16.499055775004823},"type":"counter","contains":"default"},"http_req_duration{expected_response:true}":{"values":{"min":103.0493,"med":5914.1303,"max":6692.0049,"p(90)":6499.969120000001,"p(95)":6599.10714,"avg":5567.068553989816},"type":"trend","contains":"time"},"iteration_duration":{"type":"trend","contains":"time","values":{"max":6692.1559,"p(90)":6500.1142,"p(95)":6599.289879999999,"avg":5571.758374533102,"min":104.8156,"med":5914.4899}},"vus_max":{"type":"gauge","contains":"default","values":{"min":100,"max":100,"value":100}},"http_req_waiting":{"values":{"avg":5549.356355687602,"min":84.3895,"med":5897.1985,"max":6672.6941,"p(90)":6479.6084,"p(95)":6583.4933},"type":"trend","contains":"time"},"data_sent":{"type":"counter","contains":"data","values":{"count":44175,"rate":1237.4291831253618}},"http_req_receiving":{"type":"trend","contains":"time","values":{"avg":17.559986417657065,"min":12.517,"med":16.5417,"max":44.4332,"p(90)":21.100880000000004,"p(95)":23.5968}},"http_req_blocked":{"type":"trend","contains":"time","values":{"max":58.9566,"p(90)":3.9088400000000085,"p(95)":55.92328,"avg":4.508672835314094,"min":0.0035,"med":0.0063}},"http_req_tls_handshaking":{"type":"trend","contains":"time","values":{"min":0,"med":0,"max":0,"p(90)":0,"p(95)":0,"avg":0}},"data_received":{"type":"counter","contains":"data","values":{"count":15594953,"rate":436845.49975480273}},"http_req_connecting":{"type":"trend","contains":"time","values":{"avg":0.7615373514431242,"min":0,"med":0,"max":53.8309,"p(90)":0.18298000000000048,"p(95)":0.4144800000000002}},"http_req_failed":{"type":"rate","contains":"default","values":{"fails":589,"rate":0,"passes":0}},"http_req_duration":{"values":{"p(90)":6499.969120000001,"p(95)":6599.10714,"avg":5567.068553989816,"min":103.0493,"med":5914.1303,"max":6692.0049},"type":"trend","contains":"time"}}}