{"http_reqs":299425,"rate":9954.513334622901,"avg_response_time":77.83153654103634}