{"http_reqs":631220,"rate":21040.17341486791,"avg_response_time":0.4125795196603456}