{"http_reqs":1613,"rate":53.3966803565206,"avg_response_time":186.38823081215114}