{"http_reqs":854880,"rate":28485.425735209996,"avg_response_time":3.3756956330713916}