{"http_reqs":1807,"rate":57.19013818194469,"avg_response_time":1711.7714310459332}