{"http_reqs":2539,"rate":81.38732442139246,"avg_response_time":1203.498978141001}