{"http_reqs":2811,"rate":91.72430644163423,"avg_response_time":1079.368932052651}