{"http_reqs":2440,"rate":81.13145285743548,"avg_response_time":122.89148692622949}