{"http_reqs":3331,"rate":77.00493033833703,"avg_response_time":10923.292274031832}