{"root_group":{"path":"","id":"d41d8cd98f00b204e9800998ecf8427e","groups":[],"checks":[],"name":""},"options":{"summaryTrendStats":["avg","min","med","max","p(90)","p(95)"],"summaryTimeUnit":"","noColor":false},"state":{"isStdOutTTY":false,"isStdErrTTY":false,"testRunDurationMs":43256.9705},"metrics":{"vus_max":{"values":{"value":1000,"min":1000,"max":1000},"type":"gauge","contains":"default"},"http_req_sending":{"type":"trend","contains":"time","values":{"avg":0.8379468628039604,"min":0.0086,"med":0.0416,"max":11.768,"p(90)":2.7026,"p(95)":4.96355}},"http_req_duration":{"contains":"time","values":{"p(95)":14138.6641,"avg":10923.292274031832,"min":63.3636,"med":11749.5427,"max":14196.2654,"p(90)":14069.6342},"type":"trend"},"http_req_duration{expected_response:true}":{"values":{"max":14196.2654,"p(90)":14069.6342,"p(95)":14138.6641,"avg":10923.292274031832,"min":63.3636,"med":11749.5427},"type":"trend","contains":"time"},"iteration_duration":{"type":"trend","contains":"time","values":{"min":291.4016,"med":11783.7441,"max":14196.432,"p(90)":14069.7838,"p(95)":14138.8112,"avg":10993.685128820167}},"data_sent":{"type":"counter","contains":"data","values":{"count":249825,"rate":5775.369775375278}},"http_reqs":{"type":"counter","contains":"default","values":{"count":3331,"rate":77.00493033833703}},"http_req_blocked":{"type":"trend","contains":"time","values":{"p(95)":249.95114999999998,"avg":70.20671666166328,"min":0.0029,"med":0.0068,"max":261.9449,"p(90)":246.8054}},"http_req_tls_handshaking":{"contains":"time","values":{"min":0,"med":0,"max":0,"p(90)":0,"p(95)":0,"avg":0},"type":"trend"},"http_req_connecting":{"type":"trend","contains":"time","values":{"min":0,"med":0,"max":240.5661,"p(90)":63.102,"p(95)":126.92830000000001,"avg":20.119576763734614}},"http_req_receiving":{"type":"trend","contains":"time","values":{"p(90)":22.2003,"p(95)":24.8653,"avg":17.69476913839691,"min":10.3881,"med":16.8406,"max":61.2809}},"vus":{"values":{"value":39,"min":39,"max":1000},"type":"gauge","contains":"default"},"http_req_failed":{"type":"rate","contains":"default","values":{"fails":3331,"rate":0,"passes":0}},"data_received":{"type":"counter","contains":"data","values":{"count":88266077,"rate":2040505.2868878092}},"iterations":{"type":"counter","contains":"default","values":{"count":3331,"rate":77.00493033833703}},"http_req_waiting":{"values":{"max":14174.5704,"p(90)":14053.1952,"p(95)":14120.205450000001,"avg":10904.759558030606,"min":42.9951,"med":11732.627},"type":"trend","contains":"time"}}}