{"http_reqs":2615,"rate":83.72939042679198,"avg_response_time":1169.5578487954053}