{"root_group":{"name":"","path":"","id":"d41d8cd98f00b204e9800998ecf8427e","groups":[],"checks":[]},"options":{"summaryTrendStats":["avg","min","med","max","p(90)","p(95)"],"summaryTimeUnit":"","noColor":false},"state":{"isStdOutTTY":false,"isStdErrTTY":false,"testRunDurationMs":30112.1749},"metrics":{"vus":{"contains":"default","values":{"min":10,"max":10,"value":10},"type":"gauge"},"vus_max":{"type":"gauge","contains":"default","values":{"value":10,"min":10,"max":10}},"data_sent":{"values":{"count":134400,"rate":4463.310951345464},"type":"counter","contains":"data"},"http_req_failed":{"type":"rate","contains":"default","values":{"rate":0,"passes":0,"fails":1792}},"http_req_duration":{"type":"trend","contains":"time","values":{"avg":167.54762025669643,"min":51.5519,"med":154.75760000000002,"max":512.2327,"p(90)":245.70707,"p(95)":273.84599}},"http_req_tls_handshaking":{"type":"trend","contains":"time","values":{"avg":0,"min":0,"med":0,"max":0,"p(90)":0,"p(95)":0}},"http_req_sending":{"type":"trend","contains":"time","values":{"avg":0.03814944196428576,"min":0.0079,"med":0.017,"max":5.6006,"p(90)":0.05209000000000001,"p(95)":0.06622499999999991}},"iteration_duration":{"type":"trend","contains":"time","values":{"avg":167.72461043526803,"min":52.5413,"med":154.88145,"max":512.3682,"p(90)":245.98163,"p(95)":273.99973499999993}},"http_reqs":{"type":"counter","contains":"default","values":{"count":1792,"rate":59.51081268460619}},"http_req_connecting":{"type":"trend","contains":"time","values":{"avg":0.0016564732142857143,"min":0,"med":0,"max":1.1228,"p(90)":0,"p(95)":0}},"iterations":{"type":"counter","contains":"default","values":{"count":1792,"rate":59.51081268460619}},"http_req_duration{expected_response:true}":{"type":"trend","contains":"time","values":{"avg":167.54762025669643,"min":51.5519,"med":154.75760000000002,"max":512.2327,"p(90)":245.70707,"p(95)":273.84599}},"http_req_blocked":{"type":"trend","contains":"time","values":{"avg":0.011047098214285693,"min":0.0024,"med":0.0059,"max":1.7572,"p(90)":0.0081,"p(95)":0.010289999999999964}},"http_req_receiving":{"values":{"p(90)":36.69957,"p(95)":46.66641499999999,"avg":23.594306473214264,"min":10.925,"med":19.8688,"max":143.0178},"type":"trend","contains":"time"},"http_req_waiting":{"type":"trend","contains":"time","values":{"med":132.92225000000002,"max":488.34,"p(90)":212.69984,"p(95)":237.858225,"avg":143.91516434151785,"min":37.2908}},"data_received":{"values":{"rate":1576939.5986073394,"count":47485081},"type":"counter","contains":"data"}}}