{"http_reqs":1792,"rate":59.51081268460619,"avg_response_time":167.54762025669643}