{"options":{"summaryTrendStats":["avg","min","med","max","p(90)","p(95)"],"summaryTimeUnit":"","noColor":false},"state":{"isStdOutTTY":false,"isStdErrTTY":false,"testRunDurationMs":59465.5328},"metrics":{"vus_max":{"type":"gauge","contains":"default","values":{"value":1000,"min":1000,"max":1000}},"http_req_failed":{"type":"rate","contains":"default","values":{"passes":9,"fails":3099,"rate":0.0028957528957528956}},"http_req_receiving":{"type":"trend","contains":"time","values":{"med":17.9801,"max":87.625,"p(90)":25.212980000000005,"p(95)":29.41688,"avg":19.34826492921494,"min":0}},"vus":{"type":"gauge","contains":"default","values":{"value":39,"min":39,"max":1000}},"data_sent":{"values":{"count":242700,"rate":4081.355847197589},"type":"counter","contains":"data"},"http_req_duration":{"type":"trend","contains":"time","values":{"max":59167.4182,"p(90)":36748.57149,"p(95)":56921.64638,"avg":12980.501506563722,"min":0,"med":2146.6856}},"http_req_duration{expected_response:true}":{"contains":"time","values":{"med":2145.6004,"max":59167.4182,"p(90)":36760.391160000014,"p(95)":56927.4281,"avg":12940.653406744124,"min":59.8965},"type":"trend"},"http_reqs":{"type":"counter","contains":"default","values":{"count":3108,"rate":52.26557055249323}},"data_received":{"contains":"data","values":{"rate":1380977.3348234424,"count":82120553},"type":"counter"},"http_req_sending":{"type":"trend","contains":"time","values":{"p(90)":3.7650600000000023,"p(95)":5.194839999999996,"avg":7.796852702702708,"min":0,"med":0.04605,"max":15861.1775}},"http_req_connecting":{"type":"trend","contains":"time","values":{"avg":133.45354652509656,"min":0,"med":0,"max":7222.1001,"p(90)":115.15007,"p(95)":245.38481499999997}},"http_req_tls_handshaking":{"type":"trend","contains":"time","values":{"p(95)":0,"avg":0,"min":0,"med":0,"max":0,"p(90)":0}},"http_req_waiting":{"type":"trend","contains":"time","values":{"avg":12953.356388931792,"min":0,"med":2128.10715,"max":59150.8818,"p(90)":36730.04044,"p(95)":56898.13572499999}},"http_req_blocked":{"contains":"time","values":{"avg":203.40260871943343,"min":0,"med":0.0074,"max":15860.1732,"p(90)":290.49213000000003,"p(95)":297.237875},"type":"trend"},"iterations":{"contains":"default","values":{"count":3108,"rate":52.26557055249323},"type":"counter"},"iteration_duration":{"values":{"min":336.9956,"med":2148.9387500000003,"max":59448.2623,"p(90)":40235.67499000001,"p(95)":57178.479165,"avg":13187.667381434987},"type":"trend","contains":"time"}},"root_group":{"path":"","id":"d41d8cd98f00b204e9800998ecf8427e","groups":[],"checks":[],"name":""}}