{"http_reqs":3108,"rate":52.26557055249323,"avg_response_time":12940.653406744124}