{"http_reqs":3390,"rate":56.497463546374085,"avg_response_time":10393.323303161702}