{"http_reqs":2798,"rate":62.33475830858167,"avg_response_time":13301.353007040747}