{"root_group":{"name":"","path":"","id":"d41d8cd98f00b204e9800998ecf8427e","groups":[],"checks":[]},"options":{"summaryTrendStats":["avg","min","med","max","p(90)","p(95)"],"summaryTimeUnit":"","noColor":false},"state":{"testRunDurationMs":44886.6744,"isStdOutTTY":false,"isStdErrTTY":false},"metrics":{"http_reqs":{"type":"counter","contains":"default","values":{"count":2798,"rate":62.33475830858167}},"http_req_duration":{"type":"trend","contains":"time","values":{"avg":13301.353007040747,"min":395.3503,"med":15502.05545,"max":17064.8911,"p(90)":16738.37273,"p(95)":16829.588035}},"vus":{"values":{"value":19,"min":19,"max":1000},"type":"gauge","contains":"default"},"http_req_blocked":{"type":"trend","contains":"time","values":{"p(95)":226.90366,"avg":34.05335950679034,"min":0.0038,"med":0.0082,"max":244.0365,"p(90)":217.29881000000003}},"http_req_connecting":{"type":"trend","contains":"time","values":{"max":213.2348,"p(90)":9.710300000000005,"p(95)":76.687585,"avg":12.504802287348127,"min":0,"med":0}},"iterations":{"type":"counter","contains":"default","values":{"count":2798,"rate":62.33475830858167}},"http_req_waiting":{"type":"trend","contains":"time","values":{"med":15413.39475,"max":16999.4,"p(90)":16651.57403,"p(95)":16749.053200000002,"avg":13215.511835989988,"min":237.2458}},"iteration_duration":{"type":"trend","contains":"time","values":{"p(95)":16829.767939999998,"avg":13335.709359792707,"min":622.6835,"med":15502.19845,"max":17065.0486,"p(90)":16738.62933}},"http_req_sending":{"contains":"time","values":{"avg":0.19837044317369462,"min":0.0098,"med":0.0238,"max":7.9418,"p(90)":0.61683,"p(95)":1.20346},"type":"trend"},"vus_max":{"type":"gauge","contains":"default","values":{"value":1000,"min":1000,"max":1000}},"http_req_tls_handshaking":{"contains":"time","values":{"avg":0,"min":0,"med":0,"max":0,"p(90)":0,"p(95)":0},"type":"trend"},"http_req_receiving":{"type":"trend","contains":"time","values":{"avg":85.64280060757673,"min":23.4456,"med":80.63,"max":266.718,"p(90)":125.63700999999999,"p(95)":144.92943000000002}},"http_req_failed":{"type":"rate","contains":"default","values":{"passes":0,"fails":2798,"rate":0}},"http_req_duration{expected_response:true}":{"type":"trend","contains":"time","values":{"avg":13301.353007040747,"min":395.3503,"med":15502.05545,"max":17064.8911,"p(90)":16738.37273,"p(95)":16829.588035}},"data_sent":{"type":"counter","contains":"data","values":{"count":209850,"rate":4675.106873143625}},"data_received":{"type":"counter","contains":"data","values":{"count":74065858,"rate":1650063.3871864653}}}}