{"http_reqs":865947,"rate":28837.090855310045,"avg_response_time":27.839161362300715}