{"metrics":{"http_req_blocked":{"type":"trend","contains":"time","values":{"med":132.595,"max":392.8416,"p(90)":333.92292000000003,"p(95)":335.91997,"avg":180.2982071526822,"min":0.2595}},"http_req_tls_handshaking":{"type":"trend","contains":"time","values":{"med":0,"max":0,"p(90)":0,"p(95)":0,"avg":0,"min":0}},"http_req_duration":{"contains":"time","values":{"min":1022.7138,"med":31995.2129,"max":59530.9442,"p(90)":54895.60518,"p(95)":57265.950619999996,"avg":31801.264143053657},"type":"trend"},"data_sent":{"type":"counter","contains":"data","values":{"count":99600,"rate":1659.6237522312108}},"http_req_connecting":{"values":{"p(90)":191.00543999999996,"p(95)":284.26632,"avg":107.82270123796403,"min":0.1995,"med":106.5848,"max":335.3329},"type":"trend","contains":"time"},"http_req_receiving":{"values":{"max":570.4807,"p(90)":32.98592,"p(95)":41.48285999999995,"avg":24.08261705639613,"min":12.2581,"med":18.8502},"type":"trend","contains":"time"},"http_req_sending":{"type":"trend","contains":"time","values":{"avg":10.414527647867944,"min":0.0269,"med":5.3006,"max":206.8389,"p(90)":16.937079999999998,"p(95)":20.443720000000003}},"vus":{"type":"gauge","contains":"default","values":{"value":614,"min":614,"max":1000}},"http_req_duration{expected_response:true}":{"type":"trend","contains":"time","values":{"avg":31801.264143053657,"min":1022.7138,"med":31995.2129,"max":59530.9442,"p(90)":54895.60518,"p(95)":57265.950619999996}},"data_received":{"contains":"data","values":{"rate":321181.01945501607,"count":19275230},"type":"counter"},"iteration_duration":{"type":"trend","contains":"time","values":{"avg":31985.54191760662,"min":1031.8489,"med":32232.6555,"max":59551.4508,"p(90)":54930.9781,"p(95)":57328.65321}},"http_reqs":{"type":"counter","contains":"default","values":{"count":727,"rate":12.113920360161549}},"iterations":{"type":"counter","contains":"default","values":{"count":727,"rate":12.113920360161549}},"vus_max":{"type":"gauge","contains":"default","values":{"value":1000,"min":1000,"max":1000}},"http_req_failed":{"contains":"default","values":{"rate":0,"passes":0,"fails":727},"type":"rate"},"http_req_waiting":{"type":"trend","contains":"time","values":{"avg":31766.766998349387,"min":384.3761,"med":31975.408,"max":59508.4526,"p(90)":54874.47814,"p(95)":57244.919949999996}}},"root_group":{"checks":[],"name":"","path":"","id":"d41d8cd98f00b204e9800998ecf8427e","groups":[]},"options":{"noColor":false,"summaryTrendStats":["avg","min","med","max","p(90)","p(95)"],"summaryTimeUnit":""},"state":{"testRunDurationMs":60013.6024,"isStdOutTTY":false,"isStdErrTTY":false}}