{"http_reqs":727,"rate":12.113920360161549,"avg_response_time":31801.264143053657}