{"http_reqs":2566,"rate":50.154976237868155,"avg_response_time":15843.357531293861}