{"http_reqs":1449,"rate":24.13981195329719,"avg_response_time":25232.55229875775}