{"state":{"isStdErrTTY":false,"testRunDurationMs":60025.3226,"isStdOutTTY":false},"metrics":{"http_req_failed":{"type":"rate","contains":"default","values":{"rate":0,"passes":0,"fails":1449}},"vus":{"type":"gauge","contains":"default","values":{"max":1000,"value":329,"min":329}},"iterations":{"type":"counter","contains":"default","values":{"rate":24.13981195329719,"count":1449}},"http_req_tls_handshaking":{"type":"trend","contains":"time","values":{"p(90)":0,"p(95)":0,"avg":0,"min":0,"med":0,"max":0}},"http_req_blocked":{"type":"trend","contains":"time","values":{"p(90)":1071.26542,"p(95)":1078.81416,"avg":300.1362040717741,"min":0.0035,"med":63.248,"max":1230.2865}},"vus_max":{"type":"gauge","contains":"default","values":{"value":1000,"min":1000,"max":1000}},"http_req_receiving":{"type":"trend","contains":"time","values":{"avg":26.4966044858523,"min":0.1984,"med":23.8015,"max":125.0535,"p(90)":33.81870000000002,"p(95)":42.415339999999986}},"data_received":{"values":{"count":38416274,"rate":640001.1251251485},"type":"counter","contains":"data"},"http_reqs":{"values":{"rate":24.13981195329719,"count":1449},"type":"counter","contains":"default"},"http_req_sending":{"type":"trend","contains":"time","values":{"max":32.8185,"p(90)":4.025600000000001,"p(95)":5.723699999999984,"avg":1.594488819875776,"min":0.0104,"med":0.833}},"http_req_waiting":{"type":"trend","contains":"time","values":{"avg":25204.461205452055,"min":351.3142,"med":26603.9241,"max":43359.3723,"p(90)":40147.98548,"p(95)":41027.57836}},"http_req_duration{expected_response:true}":{"type":"trend","contains":"time","values":{"med":26629.0249,"max":43458.8001,"p(90)":40173.6292,"p(95)":41087.00296,"avg":25232.55229875775,"min":374.309}},"iteration_duration":{"type":"trend","contains":"time","values":{"med":27695.0339,"max":43458.9307,"p(90)":40173.809799999995,"p(95)":41087.17348,"avg":25533.06845576258,"min":385.8881}},"data_sent":{"type":"counter","contains":"data","values":{"count":133125,"rate":2217.8139863924694}},"http_req_connecting":{"type":"trend","contains":"time","values":{"max":1142.5557,"p(90)":1070.47702,"p(95)":1077.3695599999999,"avg":299.14942160110445,"min":0,"med":62.9647}},"http_req_duration":{"values":{"p(95)":41087.00296,"avg":25232.55229875775,"min":374.309,"med":26629.0249,"max":43458.8001,"p(90)":40173.6292},"type":"trend","contains":"time"}},"root_group":{"checks":[],"name":"","path":"","id":"d41d8cd98f00b204e9800998ecf8427e","groups":[]},"options":{"summaryTimeUnit":"","noColor":false,"summaryTrendStats":["avg","min","med","max","p(90)","p(95)"]}}