{"state":{"isStdOutTTY":false,"isStdErrTTY":false,"testRunDurationMs":51161.4239},"metrics":{"http_req_tls_handshaking":{"contains":"time","values":{"avg":0,"min":0,"med":0,"max":0,"p(90)":0,"p(95)":0},"type":"trend"},"http_req_waiting":{"type":"trend","contains":"time","values":{"avg":15791.32970058454,"min":316.7855,"med":18058.0302,"max":22077.1982,"p(90)":21507.82095,"p(95)":21924.1506}},"vus_max":{"type":"gauge","contains":"default","values":{"value":1000,"min":1000,"max":1000}},"http_req_connecting":{"type":"trend","contains":"time","values":{"min":0,"med":0,"max":193.3022,"p(90)":69.8447,"p(95)":113.1413,"avg":22.047837178487928}},"iterations":{"type":"counter","contains":"default","values":{"count":2566,"rate":50.154976237868155}},"http_req_failed":{"type":"rate","contains":"default","values":{"rate":0,"passes":0,"fails":2566}},"http_req_duration{expected_response:true}":{"type":"trend","contains":"time","values":{"p(95)":21965.16765,"avg":15843.357531293861,"min":320.8047,"med":18110.642099999997,"max":22143.4313,"p(90)":21558.5047}},"http_req_sending":{"type":"trend","contains":"time","values":{"max":35.4387,"p(90)":9.1058,"p(95)":13.389075,"avg":2.1850432579891144,"min":0.0102,"med":0.032}},"data_sent":{"type":"counter","contains":"data","values":{"count":192450,"rate":3761.6232178401115}},"http_reqs":{"type":"counter","contains":"default","values":{"count":2566,"rate":50.154976237868155}},"vus":{"type":"gauge","contains":"default","values":{"value":40,"min":40,"max":1000}},"http_req_receiving":{"type":"trend","contains":"time","values":{"p(90)":74.28970000000001,"p(95)":88.241625,"avg":49.842787451286064,"min":0.2919,"med":42.98415,"max":319.2604}},"data_received":{"contains":"data","values":{"count":67939982,"rate":1327953.305850035},"type":"counter"},"http_req_duration":{"contains":"time","values":{"avg":15843.357531293861,"min":320.8047,"med":18110.642099999997,"max":22143.4313,"p(90)":21558.5047,"p(95)":21965.16765},"type":"trend"},"http_req_blocked":{"type":"trend","contains":"time","values":{"med":0.0091,"max":294.9568,"p(90)":250.32515,"p(95)":267.51777500000003,"avg":86.6300789555728,"min":0.0035}},"iteration_duration":{"values":{"avg":15930.407595401404,"min":486.6914,"med":18147.16425,"max":22143.5795,"p(90)":21558.71015,"p(95)":21965.629699999998},"type":"trend","contains":"time"}},"root_group":{"name":"","path":"","id":"d41d8cd98f00b204e9800998ecf8427e","groups":[],"checks":[]},"options":{"summaryTrendStats":["avg","min","med","max","p(90)","p(95)"],"summaryTimeUnit":"","noColor":false}}